{
"status": "ok",
"totalResults": 4,
"articles": [
  {
    "source": {
      "id": "bbc-sport",
      "name": "BBC Sport"
    },
    "author": null,
    "title": "'His dad cut off the cast and he made a hundred'",
    "description": "As Ben Stokes prepares to play a Test in Wellington, the city he called home for two years, Stephan Shemilt traces the England captain's cricketing roots in New Zealand.",
    "url": "http://www.bbc.co.uk/sport/cricket/64728494",
    "urlToImage": "https://ichef.bbci.co.uk/live-experience/cps/624/cpsprodpb/5172/production/_128705802_benstokesinthemerivalpapanuiteam.jpg",
    "publishedAt": "2023-02-22T08:07:25.0501381Z",
    "content": "Ben Stokes (far left) playing for Merivale Papanui in Christchurch in the 2000-01 season\r\nUntil recently Andy Cameron did not know he still has a certificate that rightfully belongs to Ben Stokes.\r\nI… [+7037 chars]"
  },
  {
    "source": {
      "id": "bloomberg",
      "name": "Bloomberg"
    },
    "author": null,
    "title": "Ambani Streams Cricket League for Free After Paying $2.7 Billion",
    "description": "",
    "url": "https://www.bloomberg.com/news/articles/2023-02-22/ambani-streams-cricket-league-for-free-after-paying-2-7-billion",
    "urlToImage": null,
    "publishedAt": "2023-02-22T04:34:00+00:00",
    "content": ""
  },
  {
    "source": {
      "id": "espn-cric-info",
      "name": "ESPN Cric Info"
    },
    "author": null,
    "title": "PCB hands Umar Akmal three-year ban from all cricket | ESPNcricinfo.com",
    "description": "Penalty after the batsman pleaded guilty to not reporting corrupt approaches | ESPNcricinfo.com",
    "url": "http://www.espncricinfo.com/story/_/id/29103103/pcb-hands-umar-akmal-three-year-ban-all-cricket",
    "urlToImage": "https://a4.espncdn.com/combiner/i?img=%2Fi%2Fcricket%2Fcricinfo%2F1099495_800x450.jpg",
    "publishedAt": "2020-04-27T11:41:47Z",
    "content": "Umar Akmal's troubled cricket career has hit its biggest roadblock yet, with the PCB handing him a ban from all representative cricket for three years after he pleaded guilty of failing to report det… [+1506 chars]"
  },
  {
    "source": {
      "id": "espn-cric-info",
      "name": "ESPN Cric Info"
    },
    "author": null,
    "title": "What we learned from watching the 1992 World Cup final in full again | ESPNcricinfo.com",
    "description": "Wides, lbw calls, swing - plenty of things were different in white-ball cricket back then | ESPNcricinfo.com",
    "url": "http://www.espncricinfo.com/story/_/id/28970907/learned-watching-1992-world-cup-final-full-again",
    "urlToImage": "https://a4.espncdn.com/combiner/i?img=%2Fi%2Fcricket%2Fcricinfo%2F1219926_1296x729.jpg",
    "publishedAt": "2020-03-30T15:26:05Z",
    "content": "Last week, we at ESPNcricinfo did something we have been thinking of doing for eight years now: pretend-live ball-by-ball commentary for a classic cricket match. We knew the result, yes, but we tried… [+6823 chars]"
  }
]
}